pred,pct_renter_occupied,pct_white,pct_af_am,pct_hispanic,pct_am_ind,pct_asian,pct_nh_pi,pct_multiple,pct_other,renter_occupied_households,median_household_income,median_property_value
0,27.609055940172524,72.84988467661287,12.526307985635395,9.298557439561678,0.33598996705046125,2.5333395653622426,0.03006534374884305,1.730521084002804,0.1307293324941692,152.87655029432455,58644.72137277405,178368.54538891563
1,56.44770978352316,43.65369463780328,38.35381779239652,12.175762258089204,0.34144649277136135,2.5749560162166274,0.05363879752160941,2.597059588464775,0.2419720033657158,398.3252505163314,37691.98324791555,120674.83071980417
